player,season,week,date,g,gs,passing_comp,passing_att,passing_pct,passing_yds,passing_avg,passing_td,passing_int,passing_sck,passing_scky,passing_rate,rushing_att,rushing_yds,rushing_avg,rushing_td,fumbles,fumbles_lost
3,2014,1,09/07,0,0,,,,,,,,,,0,,,,,,
3,2014,2,09/14,0,0,,,,,,,,,,0,,,,,,
3,2014,3,09/21,1,0,14,24,58.3,223,9.3,2,2,1,6,82.5,2,30,15,0,,
3,2014,4,09/28,1,1,29,37,78.4,254,6.9,1,2,3,19,81.8,5,24,4.8,0,,
3,2014,5,10/05,1,1,22,36,61.1,191,5.3,0,2,1,4,52,4,14,3.5,0,2,0
3,2014,6,10/12,1,1,32,46,69.6,336,7.3,1,1,6,39,88.7,5,38,7.6,0,,
3,2014,7,10/19,1,1,17,31,54.8,159,5.1,1,3,2,8,40.3,5,37,7.4,0,,
3,2014,8,10/26,1,1,18,34,52.9,221,6.5,1,2,4,20,58.6,6,48,8,0,1,1
3,2014,9,11/02,1,1,22,33,66.7,247,7.5,2,1,2,14,96.4,4,10,2.5,0,,
3,2014,10,11/09,1,1,22,37,59.5,290,7.8,0,1,4,28,73,3,3,1,0,1,0
3,2014,11,Bye,,,,,,,,,,,,0,,,,,,
3,2014,12,11/23,1,1,15,27,55.6,146,5.4,0,1,4,32,55.5,5,24,4.8,0,1,0
3,2014,13,11/30,1,1,21,35,60,194,5.5,1,0,7,54,84.7,5,68,13.6,0,,
3,2014,14,12/07,1,1,20,39,51.3,205,5.3,1,1,4,17,64.6,3,10,3.3,0,,
3,2014,15,12/14,1,1,21,37,56.8,210,5.7,0,1,8,63,61.8,1,2,2,0,,
3,2014,16,12/18,1,1,13,26,50,115,4.4,1,0,4,13,75,5,50,10,0,1,0
3,2014,17,12/28,1,1,14,33,42.4,117,3.5,0,0,5,28,52.2,3,61,20.3,0,1,0
4,2012,1,09/09,1,1,23,45,51.1,309,6.9,1,3,3,16,52.9,2,9,4.5,0,1,1
4,2012,2,09/16,1,1,20,31,64.5,224,7.2,2,0,2,30,107.5,4,21,5.3,0,,
4,2012,3,09/23,1,1,22,46,47.8,313,6.8,2,1,0,0,75.7,4,50,12.5,0,,
4,2012,4,Bye,,,,,,,,,,,,0,,,,,,
4,2012,5,10/07,1,1,31,55,56.4,362,6.6,2,1,4,17,81,6,24,4,1,1,0
4,2012,6,10/14,1,1,22,44,50,280,6.4,0,2,4,23,51.3,1,-1,-1,0,1,1
4,2012,7,10/21,1,1,16,29,55.2,186,6.4,0,0,3,13,74.8,3,12,4,2,1,1
4,2012,8,10/28,1,1,26,38,68.4,297,7.8,1,1,2,11,89.5,6,28,4.7,0,1,0
4,2012,9,11/04,1,1,30,48,62.5,433,9,2,0,1,14,105.6,1,5,5,0,1,0
4,2012,10,11/08,1,1,18,26,69.2,227,8.7,0,1,2,6,80.1,7,11,1.6,2,1,1
4,2012,11,11/18,1,1,27,50,54,334,6.7,2,3,1,5,63.2,1,4,4,0,1,1
4,2012,12,11/25,1,1,20,37,54.1,240,6.5,1,1,4,15,71.9,6,20,3.3,0,,
4,2012,13,12/02,1,1,24,54,44.4,391,7.2,4,3,2,19,70.8,3,33,11,0,1,0
4,2012,14,12/09,1,1,16,34,47.1,196,5.8,1,2,4,25,50.6,5,7,1.4,0,1,0
4,2012,15,12/16,1,1,13,27,48.1,186,6.9,2,0,5,38,95.6,2,10,5,0,,
4,2012,16,12/23,1,1,17,35,48.6,205,5.9,1,0,3,7,76.5,6,21,3.5,0,,
4,2012,17,12/30,1,1,14,28,50,191,6.8,2,0,1,7,96,5,1,0.2,0,,
5,2012,1,09/09,1,1,19,26,73.1,320,12.3,2,0,2,14,139.9,9,42,4.7,0,1,0
5,2012,2,09/16,1,1,20,29,69,206,7.1,1,1,1,9,86.3,11,82,7.5,2,,
5,2012,3,09/23,1,1,21,34,61.8,221,6.5,1,0,5,42,90.4,13,74,5.7,1,3,1
5,2012,4,09/30,1,1,26,35,74.3,323,9.2,0,0,1,2,102.4,8,36,4.5,1,1,0
5,2012,5,10/07,1,1,10,15,66.7,91,6.1,0,0,2,9,82.9,1,7,7,0,,
5,2012,6,10/14,1,1,17,22,77.3,182,8.3,1,1,1,4,97.2,13,138,10.6,2,,
5,2012,7,10/21,1,1,20,28,71.4,258,9.2,2,1,3,26,108.9,9,89,9.9,0,2,1
5,2012,8,10/28,1,1,16,34,47.1,177,5.2,1,0,1,8,72.8,6,8,1.3,0,1,0
5,2012,9,11/04,1,1,23,39,59,215,5.5,0,0,4,29,74.2,11,53,4.8,0,,
5,2012,10,Bye,,,,,,,,,,,,0,,,,,,
5,2012,11,11/18,1,1,14,15,93.3,200,13.3,4,0,2,8,158.3,12,84,7,0,1,0
5,2012,12,11/22,1,1,19,27,70.4,304,11.3,4,1,3,16,131.8,7,29,4.1,0,,
5,2012,13,12/03,1,1,13,21,61.9,163,7.8,1,0,0,0,101.9,5,72,14.4,0,1,0
5,2012,14,12/09,1,1,15,26,57.7,242,9.3,1,0,3,24,101.8,7,34,4.9,0,1,0
5,2012,15,12/16,0,0,,,,,,,,,,0,,,,,,
5,2012,16,12/23,1,1,16,24,66.7,198,8.3,2,1,1,13,102.4,2,4,2,0,1,0
14,2007,12,11/25,0,0,,,,,,,,,,0,,,,,,
5,2012,17,12/30,1,1,9,18,50,100,5.6,0,0,1,13,66.9,6,63,10.5,1,,
6,2012,1,09/09,1,1,20,36,55.6,219,6.1,0,3,2,20,39,3,-4,-1.3,0,1,0
6,2012,2,09/16,1,1,18,30,60,200,6.7,1,0,1,11,91,3,14,4.7,1,,
6,2012,3,09/23,1,1,16,36,44.4,196,5.4,0,1,0,0,50.2,3,3,1,0,,
6,2012,4,09/30,1,1,26,41,63.4,431,10.5,1,2,4,37,86.5,1,0,0,0,1,1
6,2012,5,10/07,1,1,17,26,65.4,223,8.6,0,0,2,12,92.3,4,-4,-1,0,,
6,2012,6,10/14,1,1,21,29,72.4,185,6.4,2,0,3,29,112,4,16,4,0,1,0
6,2012,7,Bye,,,,,,,,,,,,0,,,,,,
6,2012,8,10/28,1,1,2,5,40,18,3.6,0,0,1,9,50.4,,,,,,
6,2012,9,11/04,1,1,22,38,57.9,290,7.6,1,0,2,9,90.9,1,-1,-1,0,1,0
6,2012,10,11/11,1,1,23,39,59,217,5.6,0,3,1,8,42.4,1,-1,-1,0,,
6,2012,11,11/15,1,1,14,28,50,141,5,1,2,3,17,46.9,1,7,7,0,,
6,2012,12,11/25,1,1,18,26,69.2,253,9.7,1,1,1,7,97.1,4,33,8.3,0,,
6,2012,13,12/02,1,1,13,29,44.8,186,6.4,0,0,3,10,66.2,5,19,3.8,1,2,1
6,2012,14,12/09,1,1,17,33,51.5,150,4.5,1,0,2,17,74.1,3,25,8.3,0,,
6,2012,15,12/16,1,1,22,28,78.6,220,7.9,2,0,1,11,123.2,8,52,6.5,0,1,1
6,2012,16,12/23,1,1,13,25,52,130,5.2,2,0,2,11,93.8,6,44,7.3,0,1,0
6,2012,17,12/30,1,1,20,35,57.1,235,6.7,0,1,7,26,65.8,2,8,4,0,1,1
7,2011,1,09/11,1,1,24,37,64.9,422,11.4,2,1,4,19,110.4,8,18,2.3,1,,
7,2011,2,09/18,1,1,28,46,60.9,432,9.4,1,3,4,28,72,10,53,5.3,1,,
7,2011,3,09/25,1,1,18,34,52.9,158,4.6,1,0,0,0,75.4,7,27,3.9,0,,
7,2011,4,10/02,1,1,27,46,58.7,374,8.1,1,1,0,0,83.1,8,35,4.4,2,1,0
7,2011,5,10/09,1,1,16,31,51.6,224,7.2,2,1,1,5,83.3,7,27,3.9,1,1,0
7,2011,6,10/16,1,1,21,35,60,237,6.8,0,3,1,8,44.6,7,47,6.7,1,,
7,2011,7,10/23,1,1,18,23,78.3,256,11.1,1,0,4,24,127.5,10,59,5.9,1,,
7,2011,8,10/30,1,1,22,35,62.9,290,8.3,3,0,3,25,117.6,6,53,8.8,0,2,2
7,2011,9,Bye,,,,,,,,,,,,0,,,,,,
7,2011,10,11/13,1,1,23,40,57.5,212,5.3,0,1,5,46,61.7,7,55,7.9,0,1,0
7,2011,11,11/20,1,1,22,38,57.9,280,7.4,1,4,1,8,50.2,7,37,5.3,2,,
7,2011,12,11/27,1,1,20,27,74.1,208,7.7,0,0,3,32,95.9,9,53,5.9,1,,
7,2011,13,12/04,1,1,12,21,57.1,204,9.7,1,0,2,9,106.1,14,54,3.9,3,,
7,2011,14,12/11,1,1,19,39,48.7,276,7.1,2,2,2,17,67.9,7,36,5.1,0,,
7,2011,15,12/18,1,1,13,23,56.5,149,6.5,2,0,2,10,105.2,7,55,7.9,0,,
7,2011,16,12/24,1,1,12,17,70.6,171,10.1,3,0,1,8,142.4,6,65,10.8,1,,
7,2011,17,01/01,1,1,15,25,60,158,6.3,1,1,2,21,75.1,6,32,5.3,0,,
8,2011,1,09/11,0,0,,,,,,,,,,0,,,,,,
8,2011,2,09/18,0,0,,,,,,,,,,0,,,,,,
8,2011,3,09/25,0,0,,,,,,,,,,0,,,,,,
8,2011,4,10/02,1,0,0,1,0,0,0,0,0,0,0,39.6,,,,,,
8,2011,5,10/09,0,0,,,,,,,,,,0,,,,,,
8,2011,6,Bye,,,,,,,,,,,,0,,,,,,
8,2011,7,10/23,1,0,1,1,100,12,12,0,0,1,9,116.7,,,,,,
8,2011,8,10/30,0,0,,,,,,,,,,0,,,,,,
8,2011,9,11/06,0,0,,,,,,,,,,0,,,,,,
8,2011,10,11/13,0,0,,,,,,,,,,0,,,,,,
8,2011,11,11/20,1,0,9,19,47.4,140,7.4,2,0,1,7,107.3,1,11,11,0,,
8,2011,12,11/27,0,0,,,,,,,,,,0,,,,,,
8,2011,13,12/04,0,0,,,,,,,,,,0,,,,,,
8,2011,14,12/11,1,0,13,29,44.8,282,9.7,1,0,2,12,91.5,6,36,6,1,,
8,2011,15,12/18,1,0,11,16,68.8,108,6.8,1,0,1,9,108.3,1,9,9,0,,
8,2011,16,12/24,0,0,,,,,,,,,,0,,,,,,
8,2011,17,01/01,0,0,,,,,,,,,,0,,,,,,
9,2011,1,09/11,0,0,,,,,,,,,,0,,,,,,
9,2011,2,09/18,1,0,5,6,83.3,52,8.7,0,0,1,10,102.8,1,1,1,0,,
9,2011,3,09/25,1,1,12,21,57.1,139,6.6,1,1,2,10,73.3,4,2,0.5,0,3,0
9,2011,4,10/02,1,1,16,42,38.1,196,4.7,1,1,3,26,51.3,2,14,7,0,,
9,2011,5,10/09,1,1,15,28,53.6,221,7.9,1,0,3,21,91.5,5,11,2.2,0,2,2
9,2011,6,10/16,1,1,12,26,46.2,109,4.2,1,0,5,33,70.8,3,16,5.3,0,,
9,2011,7,10/24,1,1,9,20,45,93,4.6,0,0,4,20,59,5,-1,-0.2,0,1,0
9,2011,8,10/30,1,1,10,30,33.3,97,3.2,1,2,1,7,26.7,4,14,3.5,0,1,0
9,2011,9,Bye,,,,,,,,,,,,0,,,,,,
9,2011,10,11/13,1,1,14,21,66.7,118,5.6,1,1,2,8,77.1,6,8,1.3,0,,
9,2011,11,11/20,1,1,22,41,53.7,210,5.1,0,0,1,15,68.1,2,10,5,0,1,0
9,2011,12,11/27,1,1,13,29,44.8,136,4.7,0,1,6,35,44.6,1,1,1,0,,
9,2011,13,12/05,1,1,19,33,57.6,195,5.9,2,1,2,18,82.3,6,19,3.2,0,1,0
9,2011,14,12/11,1,1,19,33,57.6,217,6.6,2,2,1,8,72.4,4,-3,-0.8,0,2,0
9,2011,15,12/15,1,1,12,22,54.5,141,6.4,1,1,5,50,70.5,1,5,5,0,2,2
9,2011,16,12/24,1,1,21,42,50,198,4.7,0,1,1,11,53.5,1,4,4,0,,
9,2011,17,01/01,1,1,11,19,57.9,92,4.8,1,0,3,21,88,3,-3,-1,0,1,1
10,2010,1,09/12,1,1,32,55,58.2,253,4.6,1,3,2,13,53.1,,,,,,
10,2010,2,09/19,1,1,14,25,56,167,6.7,2,1,3,32,86.6,,,,,,
19,2004,5,10/10,0,0,,,,,,,,,,0,,,,,,
10,2010,3,09/26,1,1,23,37,62.2,235,6.4,1,1,1,3,78.1,1,2,2,0,,
10,2010,4,10/03,1,1,23,41,56.1,289,7,2,1,4,28,84.3,2,8,4,0,,
10,2010,5,10/10,1,1,23,45,51.1,215,4.8,0,2,1,2,46.1,,,,,,
10,2010,6,10/17,1,1,18,31,58.1,198,6.4,1,0,3,15,87.8,6,8,1.3,0,,
10,2010,7,10/24,1,1,13,26,50,126,4.8,2,0,1,2,89.6,2,2,1,0,1,1
10,2010,8,10/31,1,1,25,32,78.1,191,6,2,0,2,7,112.4,5,2,0.4,0,1,0
10,2010,9,Bye,,,,,,,,,,,,0,,,,,,
10,2010,10,11/14,1,1,30,42,71.4,251,6,1,0,3,23,94.4,2,11,5.5,0,1,0
10,2010,11,11/21,1,1,27,42,64.3,233,5.5,2,1,0,0,84.7,1,17,17,0,,
10,2010,12,11/28,1,1,22,37,59.5,308,8.3,3,0,2,0,113.3,1,-1,-1,0,,
10,2010,13,12/05,1,1,18,29,62.1,187,6.4,0,1,2,18,66.3,3,7,2.3,0,,
10,2010,14,12/12,1,1,18,32,56.3,231,7.2,0,2,3,40,53,2,5,2.5,1,1,0
10,2010,15,12/19,1,1,21,43,48.8,181,4.2,0,2,3,26,40.9,2,2,1,0,1,0
10,2010,16,12/26,1,1,28,37,75.7,292,7.9,1,0,1,17,107,,,,,1,1
10,2010,17,01/02,1,1,19,36,52.8,155,4.3,0,1,3,18,52.4,,,,,1,0
11,2009,1,09/13,1,1,16,37,43.2,205,5.5,0,3,1,7,27.4,2,0,0,1,,
11,2009,2,09/20,1,1,18,30,60,152,5.1,1,2,2,16,56.5,1,7,7,0,1,0
11,2009,3,09/27,1,1,21,36,58.3,241,6.7,1,0,2,14,87.8,2,23,11.5,0,,
11,2009,4,10/04,1,1,24,36,66.7,296,8.2,1,1,5,42,89.6,2,20,10,0,1,1
11,2009,5,10/11,0,0,,,,,,,,,,0,,,,,,
11,2009,6,10/18,0,0,,,,,,,,,,0,,,,,,
11,2009,7,Bye,,,,,,,,,,,,0,,,,,,
11,2009,8,11/01,1,1,14,33,42.4,168,5.1,0,1,2,6,46,1,4,4,1,,
11,2009,9,11/08,1,1,22,42,52.4,203,4.8,2,5,2,17,42.2,,,,,1,0
11,2009,10,11/15,1,1,29,51,56.9,224,4.4,1,0,3,20,74.3,4,28,7,0,,
11,2009,11,11/22,1,1,26,43,60.5,422,9.8,5,2,2,6,112.7,2,7,3.5,0,1,0
11,2009,12,11/26,1,1,20,43,46.5,213,5,1,4,2,14,30.5,3,21,7,0,,
11,2009,13,12/06,1,1,11,26,42.3,143,5.5,1,2,3,27,41,3,-2,-0.7,0,,
11,2009,14,12/13,0,0,,,,,,,,,,0,,,,,,
11,2009,15,12/20,0,0,,,,,,,,,,0,,,,,,
12,2009,1,09/13,1,1,18,31,58.1,272,8.8,1,1,0,0,84.3,5,6,1.2,0,1,0
12,2009,2,09/20,1,1,14,22,63.6,163,7.4,1,0,2,26,101.1,2,-2,-1,0,1,0
12,2009,3,09/27,1,1,17,30,56.7,171,5.7,2,1,3,25,81.4,4,10,2.5,1,2,1
12,2009,4,10/04,1,1,14,27,51.9,138,5.1,0,3,4,26,27,4,24,6,0,1,1
12,2009,5,10/12,1,1,12,24,50,172,7.2,1,0,1,1,87.5,2,6,3,0,,
12,2009,6,10/18,1,1,10,29,34.5,119,4.1,0,5,2,23,8.3,1,6,6,0,1,0
12,2009,7,10/25,1,1,9,16,56.3,143,8.9,1,0,1,12,107,2,4,2,1,1,0
12,2009,8,11/01,1,1,20,35,57.1,265,7.6,2,0,2,14,100.3,4,6,1.5,1,1,0
12,2009,9,Bye,,,,,,,,,,,,0,,,,,,
12,2009,10,11/15,1,1,16,30,53.3,212,7.1,1,2,0,0,59.3,,,,,,
12,2009,11,11/22,1,1,8,21,38.1,136,6.5,1,4,2,14,37.1,1,2,2,0,1,1
12,2009,12,11/29,1,1,13,17,76.5,154,9.1,0,1,3,10,79,3,27,9,0,,
12,2009,13,12/03,1,1,7,15,46.7,104,6.9,1,0,2,18,92.1,1,8,8,0,1,0
12,2009,14,12/13,0,0,,,,,,,,,,0,,,,,,
12,2009,15,12/20,1,1,18,32,56.3,226,7.1,1,3,2,11,49.7,3,7,2.3,0,,
12,2009,16,12/27,1,1,12,19,63.2,106,5.6,0,0,2,15,78,2,0,0,0,,
12,2009,17,01/03,1,1,8,16,50,63,3.9,0,0,0,0,60.2,2,2,1,0,,
13,2008,1,09/07,1,1,9,13,69.2,161,12.4,1,0,1,5,137,5,-2,-0.4,0,,
13,2008,2,09/14,1,1,13,33,39.4,158,4.8,0,2,4,29,29.6,6,10,1.7,0,1,0
13,2008,3,09/21,1,1,12,18,66.7,192,10.7,1,0,0,0,120.6,1,15,15,0,,
13,2008,4,09/28,1,1,21,41,51.2,158,3.9,0,0,2,8,60.8,2,11,5.5,0,,
13,2008,5,10/05,1,1,16,26,61.5,194,7.5,2,1,0,0,94.1,4,16,4,0,,
13,2008,6,10/12,1,1,22,30,73.3,301,10,1,0,0,0,116.1,1,1,1,0,,
13,2008,7,Bye,,,,,,,,,,,,0,,,,,,
13,2008,8,10/26,1,1,23,44,52.3,277,6.3,2,2,2,19,68.1,1,4,4,0,,
13,2008,9,11/02,1,1,17,22,77.3,220,10,2,0,3,19,138.4,4,1,0.3,0,1,1
13,2008,10,11/09,1,1,16,23,69.6,248,10.8,2,0,0,0,134,2,-2,-1,0,,
13,2008,11,11/16,1,1,20,33,60.6,250,7.6,0,1,0,0,71.5,5,18,3.6,0,,
13,2008,12,11/23,1,1,17,27,63,259,9.6,0,0,1,0,94.5,3,2,0.7,0,,
13,2008,13,11/30,1,1,17,23,73.9,207,9,2,0,0,0,130.2,4,-3,-0.8,0,,
13,2008,14,12/07,1,1,24,33,72.7,315,9.5,1,1,0,0,99.9,4,13,3.3,1,1,0
13,2008,15,12/14,1,1,15,23,65.2,206,9,0,2,1,8,57.5,6,19,3.2,0,2,0
13,2008,16,12/21,1,1,13,24,54.2,134,5.6,1,0,2,10,84.4,3,2,0.7,0,1,0
13,2008,17,12/28,1,1,10,21,47.6,160,7.6,1,2,1,6,49.8,4,-1,-0.3,0,,
14,2007,4,09/30,0,0,,,,,,,,,,0,,,,,,
14,2007,5,Bye,,,,,,,,,,,,0,,,,,,
14,2007,6,10/14,0,0,,,,,,,,,,0,,,,,,
14,2007,7,10/21,0,0,,,,,,,,,,0,,,,,,
14,2007,8,10/28,0,0,,,,,,,,,,0,,,,,,
14,2007,9,11/04,0,0,,,,,,,,,,0,,,,,,
14,2007,10,11/11,0,0,,,,,,,,,,0,,,,,,
14,2007,11,11/18,0,0,,,,,,,,,,0,,,,,,
14,2007,13,12/02,1,0,4,7,57.1,56,8,0,0,0,0,83,3,4,1.3,0,1,0
14,2007,14,12/09,0,0,,,,,,,,,,0,,,,,,
14,2007,15,12/16,1,0,2,5,40,10,2,0,0,0,0,47.9,,,,,,
14,2007,16,12/23,1,0,7,23,30.4,83,3.6,1,3,2,10,17.4,2,0,0,0,1,1
14,2007,17,12/30,1,1,23,31,74.2,224,7.2,1,1,4,30,91.3,,,,,2,1
15,2006,1,09/10,1,0,3,4,75,27,6.8,0,1,0,0,53.1,,,,,,
15,2006,2,09/17,1,0,7,20,35,106,5.3,1,0,0,0,70,5,24,4.8,0,2,0
15,2006,3,09/24,0,0,,,,,,,,,,0,,,,,,
15,2006,4,10/01,1,1,14,29,48.3,155,5.3,1,2,2,4,47.3,5,3,0.6,0,2,1
15,2006,5,10/08,1,1,10,21,47.6,63,3,0,1,0,0,34.4,4,43,10.8,1,,
15,2006,6,10/15,1,1,13,25,52,161,6.4,1,0,3,10,85.6,7,9,1.3,0,1,0
15,2006,7,Bye,,,,,,,,,,,,0,,,,,,
15,2006,8,10/29,1,1,7,15,46.7,87,5.8,1,0,1,1,87.4,4,44,11,1,,
15,2006,9,11/05,1,1,15,36,41.7,163,4.5,1,3,1,9,30.2,4,14,3.5,0,1,0
15,2006,10,11/12,1,1,13,25,52,211,8.4,0,1,2,6,63.9,8,39,4.9,1,,
15,2006,11,11/19,1,1,8,22,36.4,101,4.6,1,0,3,17,66.7,6,49,8.2,0,1,0
15,2006,12,11/26,1,1,24,35,68.6,249,7.1,2,0,2,14,107.9,10,69,6.9,1,1,1
15,2006,13,12/03,1,1,15,25,60,163,6.5,2,2,0,0,72.6,9,78,8.7,0,,
15,2006,14,12/10,1,1,19,29,65.5,218,7.5,0,1,2,18,73.6,7,86,12.3,1,,
15,2006,15,12/17,1,1,8,15,53.3,85,5.7,0,0,3,28,70.1,4,4,1,0,1,0
15,2006,16,12/24,1,1,13,20,65,183,9.2,2,0,1,2,127.7,8,61,7.6,1,1,0
15,2006,17,12/31,1,1,15,36,41.7,227,6.3,0,2,5,20,39.9,2,29,14.5,1,2,1
16,2006,1,09/10,0,0,,,,,,,,,,0,,,,,,
16,2006,2,09/17,0,0,,,,,,,,,,0,,,,,,
16,2006,3,09/24,0,0,,,,,,,,,,0,,,,,,
16,2006,4,10/01,1,0,6,9,66.7,54,6,0,1,1,4,43.1,1,-7,-7,0,1,1
16,2006,5,10/08,1,1,22,35,62.9,253,7.2,2,1,4,31,91.7,1,4,4,0,,
16,2006,6,10/16,1,1,24,42,57.1,232,5.5,2,0,1,12,88.6,,,,,1,1
16,2006,7,10/22,1,1,13,32,40.6,203,6.3,0,2,3,29,36.3,3,5,1.7,0,1,0
16,2006,8,10/29,1,1,14,35,40,157,4.5,1,1,4,25,51.7,1,2,2,0,,
16,2006,9,Bye,,,,,,,,,,,,0,,,,,,
16,2006,10,11/12,1,1,20,38,52.6,216,5.7,0,2,1,7,47.7,4,18,4.5,1,1,0
16,2006,11,11/19,1,1,19,29,65.5,233,8,1,0,1,5,101.7,6,7,1.2,1,1,0
16,2006,12,11/26,1,1,31,51,60.8,405,7.9,1,2,1,10,76,1,0,0,0,1,0
16,2006,13,12/03,1,1,15,24,62.5,186,7.8,1,0,1,7,100.3,,,,,,
16,2006,14,12/10,1,1,21,34,61.8,232,6.8,2,1,0,0,89.3,2,-3,-1.5,0,,
16,2006,15,12/17,1,1,20,35,57.1,214,6.1,0,2,3,19,51.4,3,23,7.7,0,2,0
16,2006,16,12/24,1,1,9,13,69.2,162,12.5,1,0,1,9,137.3,,,,,,
16,2006,17,12/31,0,0,,,,,,,,,,0,,,,,,
17,2005,1,09/11,0,0,,,,,,,,,,0,,,,,,
17,2005,2,09/18,1,0,0,1,0,0,0,0,0,0,0,39.6,1,3,3,0,,
17,2005,3,09/25,0,0,,,,,,,,,,0,,,,,,
17,2005,4,10/02,1,0,6,10,60,34,3.4,0,0,2,15,66.2,,,,,,
17,2005,5,10/09,1,1,9,23,39.1,74,3.2,0,4,5,30,8.5,2,3,1.5,0,2,1
17,2005,6,Bye,,,,,,,,,,,,0,,,,,,
17,2005,7,10/23,1,1,8,16,50,92,5.8,0,1,5,38,41.7,2,4,2,0,3,1
17,2005,8,10/30,0,0,,,,,,,,,,0,,,,,,
17,2005,9,11/06,0,0,,,,,,,,,,0,,,,,,
17,2005,10,11/13,0,0,,,,,,,,,,0,,,,,,
17,2005,11,11/20,0,0,,,,,,,,,,0,,,,,,
17,2005,12,11/27,0,0,,,,,,,,,,0,,,,,,
17,2005,13,12/04,1,1,16,24,66.7,185,7.7,0,3,3,16,50.2,4,12,3,0,1,0
17,2005,14,12/11,1,1,9,22,40.9,77,3.5,0,1,4,26,31.8,6,20,3.3,0,3,1
17,2005,15,12/18,1,1,8,24,33.3,123,5.1,0,1,2,16,33.9,4,30,7.5,0,,
17,2005,16,12/24,1,1,12,16,75,131,8.2,0,0,5,27,98.7,7,21,3,0,1,0
17,2005,17,01/01,1,1,16,29,55.2,159,5.5,1,1,3,17,68,4,10,2.5,0,1,0
18,2004,1,09/12,1,0,3,9,33.3,66,7.3,0,0,1,3,60.4,,,,,1,0
18,2004,2,09/19,0,0,,,,,,,,,,0,,,,,,
18,2004,3,09/26,0,0,,,,,,,,,,0,,,,,,
18,2004,4,10/03,0,0,,,,,,,,,,0,,,,,,
18,2004,5,10/10,0,0,,,,,,,,,,0,,,,,,
18,2004,6,Bye,,,,,,,,,,,,0,,,,,,
18,2004,7,10/24,0,0,,,,,,,,,,0,,,,,,
18,2004,9,11/07,0,0,,,,,,,,,,0,,,,,,
18,2004,10,11/14,0,0,,,,,,,,,,0,,,,,,
18,2004,11,11/21,1,1,17,37,45.9,162,4.4,1,2,1,4,45.1,1,-1,-1,0,,
18,2004,12,11/28,1,1,6,21,28.6,148,7,0,2,5,37,16.9,2,18,9,0,1,0
18,2004,13,12/05,1,1,12,25,48,113,4.5,0,0,1,6,60.9,,,,,,
18,2004,14,12/12,1,1,4,18,22.2,27,1.5,0,2,2,9,0,1,0,0,0,1,1
18,2004,15,12/18,1,1,16,23,69.6,182,7.9,2,1,0,0,103.9,2,18,9,0,,
18,2004,16,12/26,1,1,19,37,51.4,201,5.4,0,1,2,17,56.2,,,,,,
18,2004,17,01/02,1,1,18,27,66.7,144,5.3,3,1,1,7,101.5,,,,,,
19,2004,1,09/12,0,0,,,,,,,,,,0,,,,,,
19,2004,2,09/19,0,0,,,,,,,,,,0,,,,,,
19,2004,3,09/26,0,0,,,,,,,,,,0,,,,,,
19,2004,4,10/03,0,0,,,,,,,,,,0,,,,,,
19,2004,6,10/17,0,0,,,,,,,,,,0,,,,,,
19,2004,7,10/24,0,0,,,,,,,,,,0,,,,,,
19,2004,8,10/31,0,0,,,,,,,,,,0,,,,,,
19,2004,9,11/07,1,0,,,,,,,,,,0,3,-4,-1.3,0,,
19,2004,10,Bye,,,,,,,,,,,,0,,,,,,
19,2004,11,11/21,0,0,,,,,,,,,,0,,,,,,
19,2004,12,11/28,0,0,,,,,,,,,,0,,,,,,
19,2004,13,12/05,0,0,,,,,,,,,,0,,,,,,
19,2004,14,12/12,0,0,,,,,,,,,,0,,,,,,
19,2004,15,12/19,0,0,,,,,,,,,,0,,,,,,
19,2004,16,12/26,0,0,,,,,,,,,,0,,,,,,
19,2004,17,01/02,1,0,5,8,62.5,33,4.1,1,0,1,10,110.9,1,-1,-1,0,1,0
20,2003,1,09/07,0,0,,,,,,,,,,0,,,,,,
20,2003,2,09/14,0,0,,,,,,,,,,0,,,,,,
20,2003,3,09/21,0,0,,,,,,,,,,0,,,,,,
20,2003,4,09/28,0,0,,,,,,,,,,0,,,,,,
20,2003,5,10/05,0,0,,,,,,,,,,0,,,,,,
20,2003,6,Bye,,,,,,,,,,,,0,,,,,,
20,2003,7,10/19,0,0,,,,,,,,,,0,,,,,,
20,2003,8,10/26,0,0,,,,,,,,,,0,,,,,,
20,2003,9,11/02,0,0,,,,,,,,,,0,,,,,,
20,2003,10,11/09,0,0,,,,,,,,,,0,,,,,,
20,2003,11,11/16,0,0,,,,,,,,,,0,,,,,,
20,2003,12,11/23,0,0,,,,,,,,,,0,,,,,,
20,2003,13,11/30,0,0,,,,,,,,,,0,,,,,,
20,2003,14,12/07,0,0,,,,,,,,,,0,,,,,,
20,2003,15,12/14,0,0,,,,,,,,,,0,,,,,,
20,2003,16,12/21,0,0,,,,,,,,,,0,,,,,,
20,2003,17,12/28,0,0,,,,,,,,,,0,,,,,,
21,2003,1,09/07,0,0,,,,,,,,,,0,,,,,,
21,2003,2,09/14,1,0,7,8,87.5,92,11.5,1,0,0,0,154.2,,,,,,
21,2003,3,09/21,1,0,4,5,80,32,6.4,1,0,0,0,132.9,,,,,,
21,2003,4,09/28,1,1,17,36,47.2,231,6.4,1,3,0,0,42.7,2,11,5.5,0,1,1
21,2003,5,10/05,1,1,19,28,67.9,336,12,2,0,3,23,132.4,2,-1,-0.5,0,2,1
21,2003,6,10/12,1,1,24,42,57.1,256,6.1,0,3,4,12,45.3,5,24,4.8,1,2,1
21,2003,7,Bye,,,,,,,,,,,,0,,,,,,
21,2003,8,10/26,1,1,15,27,55.6,158,5.9,1,2,2,5,54.2,,,,,1,1
21,2003,9,11/02,1,1,22,34,64.7,208,6.1,1,1,4,22,79,,,,,3,2
21,2003,10,11/09,1,1,12,22,54.5,179,8.1,1,0,0,0,96.6,3,6,2,1,,
21,2003,11,11/16,1,1,15,31,48.4,151,4.9,0,2,1,6,35.8,1,1,1,0,1,0
21,2003,12,11/23,1,1,17,33,51.5,172,5.2,0,1,1,0,54.1,,,,,,
21,2003,13,11/30,1,1,20,34,58.8,224,6.6,2,0,0,0,98.2,3,3,1,0,,
21,2003,14,12/07,1,1,18,29,62.1,194,6.7,1,0,1,12,93.2,1,-2,-2,0,,
21,2003,15,12/14,1,1,21,40,52.5,288,7.2,1,2,1,6,63.3,3,10,3.3,0,1,0
21,2003,16,12/21,1,1,9,17,52.9,131,7.7,1,2,1,0,58.3,2,23,11.5,0,,
21,2003,17,12/28,1,1,19,32,59.4,167,5.2,1,0,1,4,83.7,3,33,11,0,,
22,2002,1,09/08,1,1,10,22,45.5,145,6.6,2,1,6,22,78.8,4,7,1.8,0,1,0
22,2002,2,09/15,1,1,6,25,24,87,3.5,0,2,9,58,8.2,3,27,9,0,1,1
22,2002,3,09/22,1,1,12,22,54.5,99,4.5,0,1,4,21,47.3,4,17,4.3,0,1,1
22,2002,4,09/29,1,1,16,29,55.2,188,6.5,2,2,7,37,69.3,2,17,8.5,0,2,1
22,2002,5,Bye,,,,,,,,,,,,0,,,,,,
22,2002,6,10/13,1,1,12,23,52.2,218,9.5,1,0,5,26,99.5,8,50,6.3,1,1,0
22,2002,7,10/20,1,1,22,36,61.1,267,7.4,1,0,8,41,93.2,3,3,1,0,1,1
22,2002,8,10/27,1,1,11,18,61.1,184,10.2,1,0,4,23,114.1,4,14,3.5,0,2,1
22,2002,9,11/03,1,1,18,32,56.3,199,6.2,0,2,2,13,48.8,2,9,4.5,0,,
22,2002,10,11/10,1,1,19,34,55.9,182,5.4,1,2,4,17,56.2,3,16,5.3,0,2,1
22,2002,11,11/17,1,1,22,30,73.3,228,7.6,1,1,4,34,92.1,7,33,4.7,2,1,0
22,2002,12,11/24,1,1,10,23,43.5,103,4.5,0,0,5,14,57,6,54,9,0,,
22,2002,13,12/01,1,1,20,35,57.1,137,3.9,0,0,6,37,66,1,1,1,0,1,0
22,2002,14,12/08,1,1,3,10,30,33,3.3,0,0,4,23,40.8,3,6,2,0,2,0
22,2002,15,12/15,1,1,19,34,55.9,196,5.8,0,2,2,14,48.2,2,1,0.5,0,2,0
22,2002,16,12/22,1,1,12,31,38.7,112,3.6,0,1,3,13,36,4,20,5,0,3,1
22,2002,17,12/29,1,1,21,40,52.5,214,5.4,0,1,3,18,57.7,3,7,2.3,0,1,0
23,2002,1,09/08,1,0,4,11,36.4,41,3.7,0,0,0,0,47.9,,,,,,
23,2002,2,09/15,1,0,3,7,42.9,11,1.6,0,1,0,0,10.7,,,,,,
23,2002,3,09/22,1,1,15,35,42.9,182,5.2,2,4,1,6,38.9,,,,,,
23,2002,4,09/29,1,1,20,35,57.1,267,7.6,1,0,0,0,91,2,-3,-1.5,0,,
23,2002,5,Bye,,,,,,,,,,,,0,,,,,,
23,2002,6,10/13,1,1,25,41,61,309,7.5,2,1,1,8,90.4,1,0,0,0,,
23,2002,7,10/20,1,1,16,29,55.2,199,6.9,0,0,2,29,76.7,2,7,3.5,0,1,1
23,2002,8,10/27,1,1,20,42,47.6,199,4.7,1,1,0,0,59.5,,,,,,
23,2002,9,11/03,1,1,14,33,42.4,104,3.2,0,2,1,8,25.3,,,,,,
23,2002,10,11/10,1,1,20,44,45.5,236,5.4,2,2,0,0,58.5,1,0,0,0,,
23,2002,11,11/17,1,1,15,30,50,171,5.7,2,1,0,0,75.8,,,,,,
23,2002,12,11/24,1,1,21,40,52.5,213,5.3,1,1,2,14,65.9,1,0,0,0,1,0
23,2002,13,11/28,1,1,22,44,50,210,4.8,0,3,0,0,35.2,,,,,,
23,2002,14,12/08,1,1,20,37,54.1,152,4.1,1,0,0,0,73.3,,,,,,
23,2002,15,12/15,1,1,0,1,0,0,0,0,0,1,10,39.6,,,,,,
23,2002,16,12/22,0,0,,,,,,,,,,0,,,,,,
23,2002,17,12/29,0,0,,,,,,,,,,0,,,,,,
24,2001,1,09/09,1,0,0,4,0,0,0,0,0,0,0,39.6,2,32,16,0,,
24,2001,2,09/23,1,0,2,2,100,27,13.5,0,0,1,11,118.8,3,23,7.7,1,,
24,2001,3,09/30,0,0,,,,,,,,,,0,,,,,,
24,2001,4,10/07,1,0,12,18,66.7,186,10.3,0,0,5,28,100.7,5,18,3.6,0,2,1
24,2001,5,10/14,0,0,,,,,,,,,,0,,,,,,
24,2001,6,10/21,0,0,,,,,,,,,,0,,,,,,
24,2001,7,Bye,,,,,,,,,,,,0,,,,,,
24,2001,8,11/04,1,0,2,9,22.2,56,6.2,0,0,3,15,53,2,50,25,0,,
24,2001,9,11/11,1,1,4,12,33.3,32,2.7,1,0,2,5,70.1,2,4,2,0,1,1
24,2001,10,11/18,0,0,,,,,,,,,,0,,,,,,
24,2001,11,11/25,0,0,,,,,,,,,,0,,,,,,
24,2001,12,12/02,1,0,7,18,38.9,94,5.2,0,0,2,16,56.2,6,52,8.7,0,,
24,2001,13,12/09,0,0,,,,,,,,,,0,,,,,,
24,2001,14,12/16,0,0,,,,,,,,,,0,,,,,,
24,2001,15,12/23,0,0,,,,,,,,,,0,,,,,,
24,2001,16,12/30,1,0,11,20,55,214,10.7,1,2,3,21,69.6,5,63,12.6,0,1,1
24,2001,17,01/06,1,1,12,30,40,176,5.9,0,1,5,17,46,6,47,7.8,0,2,2
25,1999,1,09/12,1,0,0,3,0,0,0,0,1,1,7,0,,,,,1,1
25,1999,2,09/19,1,1,12,24,50,134,5.6,1,0,7,44,80.9,5,40,8,0,1,1
25,1999,3,09/26,1,1,13,32,40.6,123,3.8,1,1,4,34,49.3,6,49,8.2,0,1,1
25,1999,4,10/03,1,1,13,28,46.4,201,7.2,1,0,4,21,82.6,3,11,3.7,0,1,0
25,1999,5,10/10,1,1,15,27,55.6,164,6.1,0,1,3,20,58.3,1,5,5,0,1,0
25,1999,6,10/17,1,1,18,23,78.3,161,7,1,0,4,31,110.3,2,36,18,0,,
25,1999,7,10/24,1,1,22,40,55,185,4.6,0,2,1,7,46.4,2,50,25,0,,
25,1999,8,10/31,1,1,11,19,57.9,193,10.2,3,0,2,12,132.2,2,5,2.5,0,,
25,1999,9,11/07,1,1,9,21,42.9,57,2.7,0,1,3,24,30.5,4,7,1.8,0,2,0
25,1999,10,11/14,1,1,18,28,64.3,199,7.1,2,1,6,38,94.2,2,15,7.5,0,1,1
25,1999,11,11/21,1,1,29,46,63,259,5.6,1,2,1,2,67.2,6,16,2.7,0,1,0
25,1999,12,11/28,1,1,19,35,54.3,262,7.5,2,0,7,34,97.6,5,29,5.8,1,3,1
25,1999,13,12/05,1,1,18,29,62.1,184,6.3,1,2,6,37,63,1,4,4,0,1,0
25,1999,14,12/12,1,1,16,28,57.1,239,8.5,2,2,3,16,79.3,,,,,,
25,1999,15,12/19,1,1,10,16,62.5,86,5.4,0,0,4,32,76.6,1,0,0,0,1,1
25,1999,16,12/26,0,0,,,,,,,,,,0,,,,,,
26,1999,1,09/12,0,0,,,,,,,,,,0,,,,,,
26,1999,2,09/19,1,0,4,11,36.4,26,2.4,0,0,6,42,44.9,5,38,7.6,0,1,0
26,1999,3,09/26,1,0,6,11,54.5,34,3.1,0,0,0,0,60.4,1,10,10,0,,
26,1999,4,10/03,1,0,3,7,42.9,38,5.4,0,0,4,22,60.4,1,13,13,0,,
26,1999,5,10/10,0,0,,,,,,,,,,0,,,,,,
26,1999,6,10/17,1,0,,,,,,,,,,0,,,,,,
26,1999,7,10/24,0,0,,,,,,,,,,0,,,,,,
26,1999,8,10/31,1,0,1,2,50,0,0,0,0,0,0,56.2,,,,,,
26,1999,9,11/07,1,0,8,20,40,68,3.4,0,1,2,9,28.8,3,21,7,0,1,1
26,1999,10,11/14,1,1,8,21,38.1,60,2.9,0,0,3,22,46.3,9,49,5.4,0,,
26,1999,11,11/21,1,1,19,36,52.8,165,4.6,1,2,4,47,51.3,3,13,4.3,0,3,3
26,1999,12,11/28,1,1,16,28,57.1,172,6.1,2,0,2,16,99.1,8,71,8.9,0,,
26,1999,13,12/05,1,1,19,31,61.3,157,5.1,2,1,1,9,82.3,9,67,7.4,0,1,1
26,1999,14,12/12,1,1,7,17,41.2,49,2.9,0,1,3,14,24.4,3,24,8,0,2,1
26,1999,15,12/19,0,0,,,,,,,,,,0,,,,,,
26,1999,16,Bye,,,,,,,,,,,,0,,,,,,
26,1999,17,01/02,1,1,15,32,46.9,179,5.6,3,2,3,23,69.7,5,7,1.4,0,,
27,1999,1,09/12,1,0,1,2,50,11,5.5,0,0,0,0,66.7,1,0,0,0,1,0
27,1999,2,09/19,1,0,10,17,58.8,100,5.9,0,1,2,17,51.1,2,4,2,0,2,0
27,1999,3,09/26,0,0,,,,,,,,,,0,,,,,,
27,1999,4,10/03,1,0,7,18,38.9,77,4.3,0,1,0,0,29.2,3,12,4,1,,
27,1999,5,10/10,1,1,25,42,59.5,221,5.3,2,0,4,17,89.5,3,9,3,0,,
27,1999,6,10/17,1,1,19,38,50,207,5.4,0,2,4,30,44.5,3,7,2.3,0,1,0
27,1999,7,10/24,1,1,12,24,50,122,5.1,0,0,5,25,64.9,4,42,10.5,0,,
27,1999,8,10/31,1,1,6,12,50,67,5.6,0,2,4,21,27.4,3,40,13.3,0,,
27,1999,9,11/07,0,0,,,,,,,,,,0,,,,,,
27,1999,10,11/14,0,0,,,,,,,,,,0,,,,,,
27,1999,11,11/21,0,0,,,,,,,,,,0,,,,,,
27,1999,12,11/28,0,0,,,,,,,,,,0,,,,,,
27,1999,13,12/05,0,0,,,,,,,,,,0,,,,,,
27,1999,14,12/12,0,0,,,,,,,,,,0,,,,,,
27,1999,15,Bye,,,,,,,,,,,,0,,,,,,
27,1999,16,12/26,0,0,,,,,,,,,,0,,,,,,
27,1999,17,01/02,0,0,,,,,,,,,,0,,,,,,
28,1998,1,09/06,1,1,21,37,56.8,302,8.2,1,3,4,29,58.6,,,,,,
28,1998,2,09/13,1,1,21,33,63.6,188,5.7,1,3,2,15,51.1,,,,,1,1
28,1998,3,09/20,1,1,20,44,45.5,193,4.4,0,2,1,3,39.3,3,26,8.7,0,,
28,1998,4,09/27,1,1,19,32,59.4,309,9.7,1,3,4,17,63.2,1,7,7,0,,
28,1998,5,10/04,1,1,12,23,52.2,137,6,1,1,0,0,66.8,2,0,0,0,,
28,1998,6,10/11,1,1,20,41,48.8,235,5.7,2,2,0,0,62.6,,,,,,
28,1998,7,10/18,1,1,18,30,60,231,7.7,3,0,1,0,117.5,,,,,,
28,1998,8,Bye,,,,,,,,,,,,0,,,,,,
38,1990,2,09/16,0,,,,,,,,,,,0,,,,,,
28,1998,9,11/01,1,1,30,52,57.7,278,5.3,2,2,0,0,69.2,,,,,,
28,1998,10,11/08,1,1,22,42,52.4,140,3.3,1,2,0,0,47.7,,,,,,
28,1998,11,11/15,1,1,26,44,59.1,276,6.3,3,2,1,9,81.2,4,21,5.3,0,1,0
28,1998,12,11/22,1,1,14,29,48.3,164,5.7,1,2,0,0,48.6,2,0,0,0,,
28,1998,13,11/29,1,1,27,42,64.3,357,8.5,3,1,2,13,105,1,2,2,0,,
28,1998,14,12/06,1,1,19,27,70.4,159,5.9,2,2,0,0,79.1,1,7,7,0,,
28,1998,15,12/13,1,1,17,26,65.4,210,8.1,3,0,0,0,128.7,1,-1,-1,0,,
28,1998,16,12/20,1,1,23,39,59,335,8.6,1,1,2,5,84.9,,,,,,
28,1998,17,12/27,1,1,17,34,50,225,6.6,1,2,5,18,56.6,,,,,1,0
29,1998,1,09/06,1,1,16,31,51.6,192,6.2,1,2,2,5,54.8,2,-1,-0.5,0,1,0
29,1998,2,09/13,1,1,13,24,54.2,179,7.5,0,0,0,0,78.3,7,31,4.4,0,,
29,1998,3,09/20,1,1,1,15,6.7,4,0.3,0,2,2,23,0,4,1,0.3,0,4,3
29,1998,4,09/27,1,1,15,34,44.1,193,5.7,0,4,1,9,22.9,1,9,9,0,,
29,1998,5,10/04,1,1,12,23,52.2,160,7,0,1,4,17,56.4,1,6,6,0,,
29,1998,6,10/11,1,1,7,18,38.9,78,4.3,0,3,3,19,13,1,6,6,0,1,0
29,1998,7,10/18,1,1,9,19,47.4,83,4.4,0,0,6,55,59.8,5,10,2,0,,
29,1998,8,10/25,1,1,25,52,48.1,281,5.4,1,0,1,1,71.1,3,18,6,0,,
29,1998,9,Bye,,,,,,,,,,,,0,,,,,,
29,1998,10,11/08,1,1,4,15,26.7,26,1.7,0,1,1,3,11.8,,,,,,
29,1998,11,11/15,0,0,,,,,,,,,,0,,,,,,
29,1998,12,11/22,0,0,,,,,,,,,,0,,,,,,
29,1998,13,11/29,0,0,,,,,,,,,,0,,,,,,
29,1998,14,12/06,0,0,,,,,,,,,,0,,,,,,
29,1998,15,12/13,1,0,9,14,64.3,93,6.6,0,2,2,8,43.8,3,0,0,0,2,1
29,1998,16,12/20,0,0,,,,,,,,,,0,,,,,,
29,1998,17,12/27,0,0,,,,,,,,,,0,,,,,,
30,1995,1,09/03,0,0,,,,,,,,,,0,,,,,,
30,1995,2,09/10,0,0,,,,,,,,,,0,,,,,,
30,1995,3,09/17,0,0,,,,,,,,,,0,,,,,,
30,1995,4,09/24,0,0,,,,,,,,,,0,,,,,,
30,1995,5,10/01,0,0,,,,,,,,,,0,,,,,,
30,1995,6,10/08,0,0,,,,,,,,,,0,,,,,,
30,1995,7,Bye,,,,,,,,,,,,0,,,,,,
30,1995,8,10/22,0,0,,,,,,,,,,0,,,,,,
30,1995,9,10/29,0,0,,,,,,,,,,0,,,,,,
30,1995,10,11/05,1,0,0,0,,0,,0,0,1,12,0,1,-1,-1,0,,
30,1995,11,11/12,0,0,,,,,,,,,,0,,,,,,
30,1995,12,11/19,0,0,,,,,,,,,,0,,,,,,
30,1995,13,11/26,0,0,,,,,,,,,,0,,,,,,
30,1995,14,12/03,0,0,,,,,,,,,,0,,,,,,
30,1995,15,12/10,1,0,16,27,59.3,203,7.5,1,1,2,15,79.7,3,10,3.3,0,1,0
30,1995,16,12/17,1,1,13,27,48.1,198,7.3,1,0,2,32,85.1,3,13,4.3,0,2,0
30,1995,17,12/24,1,1,12,26,46.2,168,6.5,1,0,1,4,80.3,4,16,4,0,,
31,1995,1,09/03,0,0,,,,,,,,,,0,,,,,,
31,1995,2,09/10,1,0,0,2,0,0,0,0,0,0,0,39.6,,,,,,
31,1995,3,09/17,1,0,7,11,63.6,45,4.1,0,1,0,0,34.3,2,9,4.5,1,,
31,1995,4,Bye,,,,,,,,,,,,0,,,,,,
31,1995,5,10/01,1,1,18,32,56.3,234,7.3,1,1,0,0,76.8,2,14,7,0,,
31,1995,6,10/08,1,1,14,28,50,228,8.1,1,1,0,0,74.7,1,2,2,0,1,0
31,1995,7,10/15,1,1,14,26,53.8,158,6.1,0,2,4,26,40.2,4,0,0,0,1,1
31,1995,8,10/22,1,1,8,21,38.1,48,2.3,1,0,4,19,62.2,2,2,1,0,2,0
31,1995,9,10/29,1,1,25,45,55.6,309,6.9,2,1,2,18,82.5,4,11,2.8,0,1,1
31,1995,10,11/05,1,1,17,30,56.7,150,5,0,1,3,18,56.2,4,7,1.8,0,1,1
31,1995,11,11/12,1,1,16,35,45.7,228,6.5,2,4,3,28,46.8,3,16,5.3,0,2,2
31,1995,12,11/19,1,1,15,23,65.2,201,8.7,2,0,3,19,121.8,3,0,0,0,2,1
31,1995,13,11/26,1,1,17,46,37,335,7.3,3,4,2,6,48.7,5,7,1.4,0,3,1
31,1995,14,12/03,1,1,14,34,41.2,170,5,0,0,0,0,57.2,1,2,2,1,,
31,1995,15,12/10,1,1,12,29,41.4,127,4.4,0,1,1,8,40.4,2,2,1,0,,
31,1995,16,12/17,1,1,18,28,64.3,283,10.1,1,1,0,0,94.8,8,-1,-0.1,1,,
31,1995,17,12/24,1,1,19,43,44.2,201,4.7,1,2,2,8,46.8,1,3,3,0,,
32,1994,1,09/04,1,0,3,8,37.5,14,1.8,0,0,0,0,45.8,3,-9,-3,0,,
32,1994,2,09/11,0,0,,,,,,,,,,0,,,,,,
32,1994,3,09/18,0,0,,,,,,,,,,0,,,,,,
32,1994,4,09/25,1,0,10,16,62.5,93,5.8,0,1,0,0,52.3,1,4,4,0,,
32,1994,5,10/02,1,1,11,30,36.7,96,3.2,1,1,2,14,43.2,4,4,1,0,1,1
32,1994,6,10/09,1,1,10,27,37,186,6.9,2,1,2,15,70.9,2,16,8,0,1,0
32,1994,7,10/16,1,1,11,32,34.4,158,4.9,1,5,1,9,22.1,3,12,4,0,,
32,1994,8,10/23,0,0,,,,,,,,,,0,,,,,,
32,1994,9,10/30,0,0,,,,,,,,,,0,,,,,,
32,1994,10,11/06,0,0,,,,,,,,,,0,,,,,,
32,1994,11,Bye,,,,,,,,,,,,0,,,,,,
32,1994,12,11/20,1,0,5,9,55.6,32,3.6,0,0,0,0,63.2,,,,,,
32,1994,13,11/27,1,1,11,28,39.3,165,5.9,0,1,1,4,44.5,4,23,5.8,0,,
32,1994,14,12/04,1,1,13,25,52,278,11.1,2,1,3,20,101.8,1,-1,-1,0,1,1
32,1994,15,12/11,1,1,16,27,59.3,286,10.6,1,1,1,3,92.5,2,38,19,0,,
32,1994,16,12/18,1,1,17,35,48.6,201,5.7,2,0,1,7,85.5,2,6,3,0,,
38,1990,3,09/23,0,,,,,,,,,,,0,,,,,,
32,1994,17,12/24,1,1,13,28,46.4,149,5.3,1,1,1,11,60,4,10,2.5,0,,
33,1994,1,09/04,0,0,,,,,,,,,,0,,,,,,
33,1994,2,09/11,0,0,,,,,,,,,,0,,,,,,
33,1994,3,09/18,0,0,,,,,,,,,,0,,,,,,
33,1994,4,09/25,1,0,5,10,50,73,7.3,0,0,3,8,74.2,1,12,12,0,,
33,1994,5,10/02,0,0,,,,,,,,,,0,,,,,,
33,1994,6,10/09,1,0,6,11,54.5,81,7.4,0,3,1,4,38.6,,,,,,
33,1994,7,Bye,,,,,,,,,,,,0,,,,,,
33,1994,8,10/23,1,1,7,23,30.4,45,2,0,1,1,8,21.8,,,,,,
33,1994,9,10/30,1,0,7,13,53.8,75,5.8,1,1,1,8,64.6,,,,,1,1
33,1994,10,11/06,1,1,13,25,52,159,6.4,0,1,2,14,55.3,1,15,15,0,1,0
33,1994,11,11/13,0,0,,,,,,,,,,0,,,,,,
33,1994,12,11/20,0,0,,,,,,,,,,0,,,,,,
33,1994,13,11/27,0,0,,,,,,,,,,0,,,,,,
33,1994,14,12/04,0,0,,,,,,,,,,0,,,,,,
33,1994,15,12/11,0,0,,,,,,,,,,0,,,,,,
33,1994,16,12/18,0,0,,,,,,,,,,0,,,,,,
33,1994,17,12/24,0,0,,,,,,,,,,0,,,,,,
34,1993,1,09/05,1,1,14,30,46.7,148,4.9,2,1,3,13,69.9,3,6,2,0,,
34,1993,2,09/12,1,1,28,49,57.1,239,4.9,1,1,2,8,68.3,3,10,3.3,0,2,1
34,1993,3,09/19,1,1,20,44,45.5,238,5.4,1,2,2,15,51.1,1,1,1,0,,
34,1993,4,09/26,1,1,19,42,45.2,195,4.6,0,2,3,15,39.3,,,,,1,1
34,1993,5,Bye,,,,,,,,,,,,0,,,,,,
34,1993,6,10/10,1,1,8,17,47.1,85,5,1,0,2,18,81.7,1,0,0,0,1,0
34,1993,7,10/17,0,0,,,,,,,,,,0,,,,,,
34,1993,8,10/24,0,0,,,,,,,,,,0,,,,,,
34,1993,9,10/31,0,0,,,,,,,,,,0,,,,,,
34,1993,10,11/07,1,0,8,16,50,96,6,0,0,1,9,68.8,5,14,2.8,0,,
34,1993,11,Bye,,,,,,,,,,,,0,,,,,,
34,1993,12,11/21,1,1,23,42,54.8,275,6.5,1,1,2,14,73,1,12,12,0,,
34,1993,13,11/28,1,1,10,18,55.6,134,7.4,0,1,0,0,56.3,,,,,,
34,1993,14,12/05,1,1,18,48,37.5,296,6.2,1,5,0,0,26.4,5,-1,-0.2,0,3,1
34,1993,15,12/12,1,1,11,22,50,106,4.8,1,0,0,0,79,2,2,1,0,,
34,1993,16,12/19,1,1,19,47,40.4,210,4.5,1,1,1,7,52.6,4,9,2.3,0,,
34,1993,17,12/26,1,1,9,11,81.8,143,13,2,0,0,0,158.3,1,2,2,0,,
34,1993,18,01/02,1,1,27,43,62.8,329,7.7,4,1,0,0,107.6,6,27,4.5,0,1,1
35,1993,1,09/05,1,1,20,27,74.1,154,5.7,0,1,4,13,72.1,3,36,12,0,,
35,1993,2,09/12,1,1,14,22,63.6,149,6.8,0,2,5,29,45.5,5,27,5.4,0,1,1
35,1993,3,09/19,1,1,12,16,75,117,7.3,1,1,4,24,89.8,2,21,10.5,0,,
35,1993,4,09/26,1,1,18,30,60,181,6,0,0,2,15,77.2,9,17,1.9,0,1,1
35,1993,5,10/03,1,1,25,40,62.5,282,7.1,1,0,2,12,91.9,3,15,5,1,,
35,1993,6,Bye,,,,,,,,,,,,0,,,,,,
35,1993,7,10/17,1,1,23,39,59,189,4.8,1,3,3,23,47.9,3,10,3.3,0,3,1
35,1993,8,10/24,1,1,22,43,51.2,203,4.7,1,2,1,9,52.8,7,12,1.7,0,2,0
35,1993,9,10/31,1,1,16,30,53.3,201,6.7,0,2,4,17,46.7,2,4,2,0,1,0
35,1993,10,11/07,1,1,12,20,60,175,8.8,1,1,2,14,84.4,5,23,4.6,0,,
35,1993,11,11/14,1,1,11,27,40.7,114,4.2,1,0,2,10,66,2,-3,-1.5,0,1,0
35,1993,12,Bye,,,,,,,,,,,,0,,,,,,
35,1993,13,11/28,1,1,17,37,45.9,188,5.1,1,1,6,27,59.3,3,18,6,0,,
35,1993,14,12/05,1,1,18,30,60,287,9.6,0,2,3,12,64.2,2,19,9.5,0,2,1
35,1993,15,12/12,1,1,20,36,55.6,171,4.8,1,1,1,2,65.9,9,52,5.8,1,,
35,1993,16,12/19,1,1,15,30,50,165,5.5,1,0,2,12,77.8,5,18,3.6,1,,
35,1993,17,12/26,1,1,12,29,41.4,117,4,1,1,5,16,50.5,4,44,11,0,,
35,1993,18,01/02,1,1,19,30,63.3,140,4.7,2,0,1,0,96.5,4,30,7.5,0,2,1
36,1992,4,09/27,0,0,,,,,,,,,,0,,,,,,
36,1992,13,11/29,1,1,16,34,47.1,140,4.1,0,0,10,72,58.5,8,44,5.5,0,1,0
36,1992,14,12/06,1,1,12,25,48,134,5.4,2,0,4,35,91.1,1,1,1,0,1,1
36,1992,15,12/13,1,1,13,26,50,195,7.5,1,2,4,39,55.8,1,-1,-1,0,1,0
36,1992,16,12/20,1,1,6,13,46.2,61,4.7,0,0,0,0,60.1,1,9,9,0,,
37,1990,1,09/09,1,,13,24,54.2,160,6.7,1,0,3,25,88.9,,,,,,
37,1990,2,09/16,1,,12,24,50,160,6.7,1,4,2,17,45.8,3,8,2.7,0,,
37,1990,3,09/23,1,,5,14,35.7,42,3,0,1,2,18,14.6,,,,,,
37,1990,4,09/30,0,,,,,,,,,,,0,,,,,,
37,1990,5,10/07,0,,,,,,,,,,,0,,,,,,
37,1990,6,Bye,,,,,,,,,,,,0,,,,,,
37,1990,7,10/21,0,,,,,,,,,,,0,,,,,,
37,1990,8,10/28,1,,8,15,53.3,77,5.1,0,1,2,16,40.1,,,,,,
37,1990,9,11/05,1,,23,37,62.2,160,4.3,0,0,3,34,71.9,,,,,,
37,1990,10,11/11,1,,6,24,25,106,4.4,1,0,1,5,59.4,1,-1,-1,0,,
37,1990,11,11/18,1,,14,22,63.6,249,11.3,2,1,4,24,113.6,1,-1,-1,0,,
37,1990,12,11/25,1,,21,31,67.7,251,8.1,3,0,1,14,124.5,3,-6,-2,0,,
37,1990,13,12/02,1,,13,28,46.4,168,6,2,1,4,26,74.7,,,,,,
37,1990,14,12/09,1,,13,25,52,93,3.7,0,3,5,41,21.3,2,2,1,1,,
37,1990,15,12/16,1,,17,27,63,212,7.9,1,0,3,35,99.6,,,,,,
37,1990,16,12/22,1,,18,33,54.5,252,7.6,3,0,4,36,109.7,,,,,,
37,1990,17,12/30,1,,18,30,60,222,7.4,2,2,3,29,77.4,1,0,0,0,,
38,1990,4,09/30,0,,,,,,,,,,,0,,,,,,
38,1990,5,10/07,0,,,,,,,,,,,0,,,,,,
38,1990,6,10/14,1,,4,7,57.1,65,9.3,1,0,1,7,128,,,,,,
38,1990,7,Bye,,,,,,,,,,,,0,,,,,,
38,1990,8,10/28,0,,,,,,,,,,,0,,,,,,
38,1990,10,11/11,1,,5,11,45.5,48,4.4,0,2,1,5,18.6,6,34,5.7,0,,
38,1990,11,11/18,1,,3,7,42.9,37,5.3,0,0,1,6,59.8,,,,,,
38,1990,12,11/22,0,,,,,,,,,,,0,,,,,,
38,1990,13,12/02,0,,,,,,,,,,,0,,,,,,
38,1990,14,12/10,0,,,,,,,,,,,0,,,,,,
38,1990,15,12/16,0,,,,,,,,,,,0,,,,,,
38,1990,16,12/22,0,,,,,,,,,,,0,,,,,,
38,1990,17,12/30,1,,1,5,20,14,2.8,0,0,1,4,39.6,1,30,30,0,,
39,1989,1,09/10,1,,17,35,48.6,180,5.1,0,2,2,30,40.2,1,13,13,0,,
39,1989,2,09/17,1,,13,23,56.5,241,10.5,1,2,0,0,71.1,5,13,2.6,0,,
39,1989,3,09/24,1,,6,21,28.6,83,4,0,2,4,27,4,1,3,3,0,,
39,1989,4,10/01,1,,1,6,16.7,11,1.8,0,0,0,0,39.6,2,9,4.5,0,,
39,1989,9,11/05,0,,,,,,,,,,,0,,,,,,
39,1989,10,11/12,1,,21,40,52.5,379,9.5,2,2,1,12,81.1,,,,,,
39,1989,11,11/19,1,,25,33,75.8,261,7.9,1,1,0,0,95.6,8,71,8.9,0,,
39,1989,12,11/23,1,,7,21,33.3,54,2.6,0,3,1,1,2.8,4,25,6.3,0,,
39,1989,13,12/03,1,,19,34,55.9,179,5.3,4,1,2,14,97.5,4,57,14.3,0,,
39,1989,14,12/10,1,,17,30,56.7,152,5.1,1,0,5,45,81.5,6,60,10,0,,
39,1989,15,12/16,1,,11,22,50,84,3.8,0,1,2,17,40.7,3,14,4.7,0,,
39,1989,16,12/24,1,,18,28,64.3,125,4.5,0,4,2,9,34.7,4,37,9.3,0,,
40,1987,1,09/13,0,,,,,,,,,,,0,,,,,,
40,1987,2,09/20,1,,1,4,25,14,3.5,0,0,1,9,41.7,,,,,,
40,1987,6,10/25,0,,,,,,,,,,,0,,,,,,
40,1987,7,11/01,0,,,,,,,,,,,0,,,,,,
40,1987,8,11/08,0,,,,,,,,,,,0,,,,,,
40,1987,9,11/15,0,,,,,,,,,,,0,,,,,,
40,1987,10,11/22,0,,,,,,,,,,,0,,,,,,
40,1987,11,11/29,1,,4,6,66.7,33,5.5,0,1,1,8,41,1,0,0,0,,
40,1987,12,12/06,1,,22,47,46.8,369,7.9,2,2,3,17,70.3,5,19,3.8,1,,
40,1987,13,12/13,1,,20,39,51.3,262,6.7,1,1,4,46,70.7,1,0,0,0,,
40,1987,14,12/20,1,,16,38,42.1,240,6.3,2,2,6,33,59.1,2,19,9.5,0,,
40,1987,15,12/27,1,,8,31,25.8,163,5.3,0,0,3,27,49,4,12,3,0,,
42,1986,5,10/05,0,,,,,,,,,,,0,,,,,,
42,1986,6,10/12,0,,,,,,,,,,,0,,,,,,
42,1986,7,10/19,0,,,,,,,,,,,0,,,,,,
42,1986,8,10/26,0,,,,,,,,,,,0,,,,,,
42,1986,9,11/03,0,,,,,,,,,,,0,,,,,,
42,1986,10,11/09,0,,,,,,,,,,,0,,,,,,
42,1986,11,11/16,1,,12,19,63.2,193,10.2,3,0,1,6,136.6,2,5,2.5,0,,
42,1986,12,11/23,1,,7,20,35,56,2.8,0,2,0,0,4.2,4,13,3.3,1,,
42,1986,13,11/30,1,,9,17,52.9,155,9.1,1,2,0,0,64.2,4,1,0.3,0,,
42,1986,14,12/07,1,,14,25,56,212,8.5,1,1,1,0,80.8,3,9,3,0,,
42,1986,15,12/14,1,,18,31,58.1,251,8.1,2,0,3,21,105.7,3,18,6,0,,
42,1986,16,12/19,1,,13,35,37.1,151,4.3,1,3,3,23,24.8,,,,,,
43,1983,1,09/04,1,,1,8,12.5,14,1.8,0,1,4,26,0,,,,,,
43,1983,2,09/11,1,,9,21,42.9,106,5,0,0,3,19,58.8,1,2,2,0,,
43,1983,3,09/18,1,,18,33,54.5,193,5.8,1,2,3,17,56.8,4,29,7.3,0,,
43,1983,4,09/25,1,,6,11,54.5,71,6.5,0,1,2,20,36.6,,,,,,
43,1983,5,10/02,1,,4,10,40,36,3.6,0,1,3,25,10.8,3,10,3.3,0,,
43,1983,6,10/09,0,,,,,,,,,,,0,,,,,,
43,1983,7,10/16,0,,,,,,,,,,,0,,,,,,
43,1983,8,10/23,0,,,,,,,,,,,0,,,,,,
43,1983,9,10/30,0,,,,,,,,,,,0,,,,,,
43,1983,10,11/06,1,,8,15,53.3,134,8.9,1,0,2,17,106,4,20,5,0,,
43,1983,11,11/13,1,,11,31,35.5,190,6.1,0,1,2,21,43.8,3,32,10.7,1,,
43,1983,12,11/20,0,,,,,,,,,,,0,,,,,,
43,1983,13,11/27,1,,14,28,50,147,5.3,0,3,4,35,26,1,1,1,0,,
43,1983,14,12/04,1,,16,24,66.7,284,11.8,2,1,0,0,117.4,6,18,3,0,,
43,1983,15,12/11,1,,23,44,52.3,345,7.8,3,0,5,38,101,3,23,7.7,0,,
43,1983,16,12/18,1,,13,34,38.2,143,4.2,0,4,0,0,11.9,3,11,3.7,0,,
44,1983,1,09/04,0,,,,,,,,,,,0,,,,,,
44,1983,2,09/12,0,,,,,,,,,,,0,,,,,,
44,1983,3,09/18,0,,,,,,,,,,,0,,,,,,
44,1983,4,09/25,0,,,,,,,,,,,0,,,,,,
44,1983,5,10/02,1,,4,5,80,48,9.6,1,0,2,25,146.2,,,,,,
44,1983,6,10/09,0,,,,,,,,,,,0,,,,,,
44,1983,7,10/16,1,,,,,,,,,,,0,,,,,,
44,1983,8,10/23,0,,,,,,,,,,,0,,,,,,
44,1983,9,10/30,0,,,,,,,,,,,0,,,,,,
44,1983,10,11/06,0,,,,,,,,,,,0,,,,,,
44,1983,11,11/13,0,,,,,,,,,,,0,,,,,,
44,1983,12,11/20,1,,10,19,52.6,95,5,1,0,1,16,84.3,1,0,0,0,,
44,1983,13,11/27,0,,,,,,,,,,,0,,,,,,
44,1983,14,12/04,0,,,,,,,,,,,0,,,,,,
44,1983,15,12/11,0,,,,,,,,,,,0,,,,,,
44,1983,16,12/18,1,,6,10,60,116,11.6,1,0,1,9,133.8,,,,,,
45,1982,1,09/12,1,,6,18,33.3,103,5.7,0,1,0,0,30.6,,,,,,
45,1982,2,09/19,0,,,,,,,,,,,0,,,,,,
45,1982,3,11/21,0,,,,,,,,,,,0,,,,,,
45,1982,4,11/28,0,,,,,,,,,,,0,,,,,,
45,1982,5,12/05,0,,,,,,,,,,,0,,,,,,
45,1982,6,12/12,0,,,,,,,,,,,0,,,,,,
45,1982,7,12/19,0,,,,,,,,,,,0,,,,,,
45,1982,8,12/26,1,,6,9,66.7,65,7.2,0,0,1,7,87.7,,,,,,
45,1982,9,01/02,1,,5,10,50,29,2.9,0,1,2,28,16.7,1,3,3,0,,
46,1982,1,09/12,0,,,,,,,,,,,0,,,,,,
46,1982,2,09/19,1,,12,22,54.5,131,6,0,1,4,33,53.4,1,4,4,0,,
46,1982,3,11/21,1,,16,27,59.3,233,8.6,2,3,3,12,72.5,3,14,4.7,0,,
46,1982,4,11/28,1,,12,20,60,139,7,1,1,7,56,76.9,3,17,5.7,0,,
46,1982,5,12/05,1,,15,21,71.4,192,9.1,2,1,3,16,111.6,2,7,3.5,1,,
46,1982,6,12/12,1,,19,29,65.5,199,6.9,0,1,3,25,70.9,3,16,5.3,0,,
46,1982,7,12/19,1,,16,33,48.5,160,4.8,1,0,1,5,72.8,5,24,4.8,0,,
46,1982,8,12/26,1,,18,28,64.3,280,10,2,0,2,17,121.1,7,23,3.3,0,,
46,1982,9,01/02,1,,12,30,40,167,5.6,1,0,4,32,69.7,,,,,,
47,1981,1,09/06,0,,,,,,,,,,,0,,,,,,
47,1981,2,09/13,0,,,,,,,,,,,0,,,,,,
47,1981,3,09/20,0,,,,,,,,,,,0,,,,,,
47,1981,4,09/27,0,,,,,,,,,,,0,,,,,,
47,1981,5,10/04,0,,,,,,,,,,,0,,,,,,
47,1981,6,10/11,0,,,,,,,,,,,0,,,,,,
47,1981,7,10/18,0,,,,,,,,,,,0,,,,,,
47,1981,8,10/25,0,,,,,,,,,,,0,,,,,,
47,1981,9,11/01,0,,,,,,,,,,,0,,,,,,
47,1981,10,11/08,0,,,,,,,,,,,0,,,,,,
47,1981,11,11/15,0,,,,,,,,,,,0,,,,,,
47,1981,12,11/22,1,,15,30,50,168,5.6,0,4,2,11,27.5,,,,,,
47,1981,13,11/29,0,,,,,,,,,,,0,,,,,,
47,1981,14,12/06,0,,,,,,,,,,,0,,,,,,
47,1981,15,12/13,1,,,,,,,,,,,0,,,,,,
47,1981,16,12/20,0,,,,,,,,,,,0,,,,,,
18,2004,8,10/31,0,0,,,,,,,,,,0,,,,,,
1,2015,1,,,,,,,,,,,,,,,,,,,
1,2015,2,,,,,,,,,,,,,,,,,,,
1,2015,3,,1,,1,1,1,1,1,1,1,,,,,,,,,
